TestROC,TestMCC,TestPrecision,TestRecall,TestF1,TestKappa,TestAccuracy,TestSpecificity,TrainAccuracy,TrainKappa,TrainROC,TrainSens,TrainSpec,TrainAUC,TrainPrecision,TrainRecall,TrainF,DataSet,Model,iteration,RunTime,NRowTrainData,NRowTestData,countTotalChecks,nonEqualROCValues,nonEqualAccuracyValues,countNullModels
0.508878915016099,0.0453130868094932,0.128712871287129,0.702702702702703,0.217573221757322,0.0229624945921662,0.404458598726115,0.364620938628159,0.742580094189633,0.462634614103423,0.78367756921512,0.804004814400182,0.658565283369883,0.759468902871726,0.775147792022015,0.804004814400182,0.786096525090248,poi-2.0.csv,parRF,5,38.8220000000001,237,314,0,0,0,2 
0.416960093896714,0.0581821832673965,0.669950738916256,0.957746478873239,0.788405797101449,0.0343676597848931,0.658878504672897,0.0694444444444444,0.846751764896393,0.543359881345601,0.864743716186877,0.948247016626735,0.548607152591131,0.801179956700798,0.862397488280562,0.948247016626735,0.902251735455839,velocity-1.5.csv,parRF,5,43.2110000000102,196,214,0,0,0,2 
