TestROC,TestMCC,TestPrecision,TestRecall,TestF1,TestKappa,TestAccuracy,TestSpecificity,TrainAccuracy,TrainKappa,TrainROC,TrainSens,TrainSpec,TrainAUC,TrainPrecision,TrainRecall,TrainF,DataSet,Model,iteration,RunTime,NRowTrainData,NRowTestData,countTotalChecks,nonEqualROCValues,nonEqualAccuracyValues,countNullModels
0.658444500377549,0.214111606461735,0.691489361702128,0.640394088669951,0.664961636828645,0.213241008973363,0.614705882352941,0.576642335766423,0.631906468548977,0.26184127373591,0.684468561030953,0.662273978907529,0.600743439594668,0.704613226428442,0.651922496851384,0.662273978907529,0.654646985562208,lucene-2.4.csv,ranger,5,189.224,442,340,0,0,0,2 
0.684854497354497,0.0530552061365162,0.945454545454545,0.275132275132275,0.426229508196721,0.0181320561067396,0.317073170731707,0.8125,0.807871131296842,0.51235603011798,0.815731006417121,0.612506184009211,0.887589054285977,0.629923917755971,0.687869672878583,0.612506184009211,0.64206907163568,log4j-1.2.csv,ranger,5,100.082999999999,244,205,0,0,0,2 
0.707687716893968,0.264978052685058,0.78125,0.533807829181495,0.634249471458774,0.244123287400407,0.608597285067873,0.739130434782609,0.550260131260227,0.0932086712097498,0.60316789375749,0.500545828617082,0.592870645753337,0.499217726174607,0.506686020254041,0.500545828617082,0.502056420892402,poi-3.0.csv,ranger,5,771.712999999996,936,442,0,0,0,2 
0.679203652688501,-0.0183772615473324,0,0,NaN,-0.00591715976331256,0.896969696969697,0.996632996632997,0.869914689288082,0.190919400167714,0.793982311924873,0.174552797131493,0.967593180178971,0.334786332779318,0.430800688304492,0.174552797131493,0.248374855605102,prop-6.csv,ranger,5,56475.802,68993,660,0,0,0,2 
0.630911500442192,0.121177622219329,0.641791044776119,0.0331023864511162,0.0629575402635432,0.0487232945188805,0.849694692343823,0.996674518497991,0.87290938651315,0.22800880605828,0.804268231159073,0.218975773441593,0.960799518005641,0.356952120880864,0.428786332875201,0.218975773441593,0.289811236875487,prop-5.csv,ranger,5,43409.625,60477,8516,0,0,0,2 
